,cosim_paropen,AREA_paropen
0,0.8088796876715931,61813.495232278925
1,0.831632535114762,28570.72785701969
2,0.8283090980151337,146158.76436343437
3,0.8338089679093719,53615.40144743904
4,0.8005374097217264,59607.56360439669
5,0.8346075101756814,111901.75025309234
6,0.8151042931390545,69250.62917137239
7,0.8352525767903383,81049.10670062376
8,0.822194116528421,123230.23859735944
9,0.8334360417356028,68272.48272242812
